"a","b","c","hka","hkb","hkc"
1.65,0.75,0.2,0.345182291666667,0.148636578856749,0.00335169880624426
