"a","su2","sv2","hk"
1,0.130208333333333,0.0144675925925926,0.6
